id,starttime,elapsedTime,longname,status
1,"20221116 18:13:49.571",732,"Testcases.Example-Tests.Invalid Login.Invalid Username",PASS
2,"20221116 18:13:50.306",377,"Testcases.Example-Tests.Invalid Login.Invalid Password",PASS
3,"20221116 18:13:50.686",464,"Testcases.Example-Tests.Invalid Login.Invalid Username And Password",PASS
4,"20221116 18:13:51.152",339,"Testcases.Example-Tests.Invalid Login.Empty Username",PASS
5,"20221116 18:13:51.492",317,"Testcases.Example-Tests.Invalid Login.Empty Password",PASS
6,"20221116 18:13:51.809",1,"Testcases.Example-Tests.Invalid Login.Fail",FAIL
7,"20221116 18:13:51.810",300,"Testcases.Example-Tests.Invalid Login.Empty Username And Password",PASS
8,"20221116 18:13:52.275",4079,"Testcases.Example-Tests.Valid Login.Valid Login",PASS
9,"20221116 18:14:35.848",548,"Testcases.Example-Tests.Invalid Login.Invalid Username",PASS
10,"20221116 18:14:36.402",372,"Testcases.Example-Tests.Invalid Login.Invalid Password",PASS
11,"20221116 18:14:36.776",442,"Testcases.Example-Tests.Invalid Login.Invalid Username And Password",PASS
12,"20221116 18:14:37.220",324,"Testcases.Example-Tests.Invalid Login.Empty Username",PASS
13,"20221116 18:14:37.545",385,"Testcases.Example-Tests.Invalid Login.Empty Password",PASS
14,"20221116 18:14:37.933",1,"Testcases.Example-Tests.Invalid Login.Fail",FAIL
15,"20221116 18:14:37.938",317,"Testcases.Example-Tests.Invalid Login.Empty Username And Password",PASS
16,"20221116 18:14:38.422",3530,"Testcases.Example-Tests.Valid Login.Valid Login",PASS
17,"20221116 18:14:58.093",502,"Testcases.Example-Tests.Invalid Login.Invalid Username",PASS
18,"20221116 18:14:58.601",409,"Testcases.Example-Tests.Invalid Login.Invalid Password",PASS
19,"20221116 18:14:59.011",349,"Testcases.Example-Tests.Invalid Login.Invalid Username And Password",PASS
20,"20221116 18:14:59.360",328,"Testcases.Example-Tests.Invalid Login.Empty Username",PASS
21,"20221116 18:14:59.690",327,"Testcases.Example-Tests.Invalid Login.Empty Password",PASS
22,"20221116 18:15:00.021",2,"Testcases.Example-Tests.Invalid Login.Fail",FAIL
23,"20221116 18:15:00.024",308,"Testcases.Example-Tests.Invalid Login.Empty Username And Password",PASS
24,"20221116 18:15:00.509",3151,"Testcases.Example-Tests.Valid Login.Valid Login",PASS
25,"20221116 18:15:46.202",495,"Testcases.Example-Tests.Invalid Login.Invalid Username",PASS
26,"20221116 18:15:46.702",373,"Testcases.Example-Tests.Invalid Login.Invalid Password",PASS
27,"20221116 18:15:47.078",346,"Testcases.Example-Tests.Invalid Login.Invalid Username And Password",PASS
28,"20221116 18:15:47.427",317,"Testcases.Example-Tests.Invalid Login.Empty Username",PASS
29,"20221116 18:15:47.744",384,"Testcases.Example-Tests.Invalid Login.Empty Password",PASS
30,"20221116 18:15:48.129",0,"Testcases.Example-Tests.Invalid Login.Fail",FAIL
31,"20221116 18:15:48.130",314,"Testcases.Example-Tests.Invalid Login.Empty Username And Password",PASS
32,"20221116 18:15:48.602",3225,"Testcases.Example-Tests.Valid Login.Valid Login",PASS
33,"20221116 18:48:16.839",501,"Testcases.Example-Tests.Invalid Login.Invalid Username",PASS
34,"20221116 18:49:26.057",647,"Testcases.Example-Tests.Invalid Login.Invalid Username",PASS
35,"20221116 18:51:15.462",523,"Testcases.Example-Tests.Invalid Login.Invalid Username",PASS
36,"20221116 18:52:32.163",470,"Testcases.Example-Tests.Invalid Login.Invalid Username",PASS
37,"20221116 18:54:31.458",516,"Testcases.Example-Tests.Invalid Login.Invalid Username",PASS
38,"20221116 18:55:53.875",395,"Testcases.Example-Tests.Invalid Login.Invalid Username",PASS
39,"20221116 18:57:11.025",502,"Testcases.Example-Tests.Invalid Login.Invalid Username",PASS
40,"20221116 18:58:28.252",662,"Testcases.Example-Tests.Invalid Login.Invalid Username",PASS
41,"20221116 18:58:28.915",401,"Testcases.Example-Tests.Invalid Login.Invalid Password",PASS
42,"20221116 18:58:29.317",421,"Testcases.Example-Tests.Invalid Login.Invalid Username And Password",PASS
43,"20221116 18:58:29.739",351,"Testcases.Example-Tests.Invalid Login.Empty Username",PASS
44,"20221116 18:58:30.092",325,"Testcases.Example-Tests.Invalid Login.Empty Password",PASS
45,"20221116 18:58:30.417",1,"Testcases.Example-Tests.Invalid Login.Fail",FAIL
46,"20221116 18:58:30.418",317,"Testcases.Example-Tests.Invalid Login.Empty Username And Password",PASS
47,"20221116 18:58:30.891",3219,"Testcases.Example-Tests.Valid Login.Valid Login",PASS
48,"20221116 19:07:34.706",586,"Testcases.Example-Tests.Invalid Login.Invalid Username",PASS
49,"20221116 19:08:34.503",507,"Testcases.Example-Tests.Invalid Login.Invalid Username",PASS
50,"20221116 19:08:35.013",389,"Testcases.Example-Tests.Invalid Login.Invalid Password",PASS
51,"20221116 19:08:35.410",340,"Testcases.Example-Tests.Invalid Login.Invalid Username And Password",PASS
52,"20221116 19:08:35.757",351,"Testcases.Example-Tests.Invalid Login.Empty Username",PASS
53,"20221116 19:08:36.109",325,"Testcases.Example-Tests.Invalid Login.Empty Password",PASS
54,"20221116 19:08:36.434",2,"Testcases.Example-Tests.Invalid Login.Fail",FAIL
55,"20221116 19:08:36.442",314,"Testcases.Example-Tests.Invalid Login.Empty Username And Password",PASS
56,"20221116 19:08:36.991",3721,"Testcases.Example-Tests.Valid Login.Valid Login",PASS
57,"20221116 19:13:27.281",514,"Testcases.Example-Tests.Invalid Login.Invalid Username",PASS
58,"20221116 19:13:27.795",385,"Testcases.Example-Tests.Invalid Login.Invalid Password",PASS
59,"20221116 19:13:28.182",392,"Testcases.Example-Tests.Invalid Login.Invalid Username And Password",PASS
60,"20221116 19:13:28.578",326,"Testcases.Example-Tests.Invalid Login.Empty Username",PASS
61,"20221116 19:13:28.907",385,"Testcases.Example-Tests.Invalid Login.Empty Password",PASS
62,"20221116 19:13:29.292",299,"Testcases.Example-Tests.Invalid Login.Empty Username And Password",PASS
63,"20221116 19:13:29.786",6368,"Testcases.Example-Tests.Valid Login.Valid Login",PASS
64,"20221116 19:28:42.820",702,"Testcases.Example-Tests.Invalid Login.Invalid Username",PASS
65,"20221116 19:28:43.522",771,"Testcases.Example-Tests.Invalid Login.Invalid Password",FAIL
66,"20221116 19:28:44.294",1,"Testcases.Example-Tests.Invalid Login.Invalid Username And Password",FAIL
67,"20221116 19:28:44.295",0,"Testcases.Example-Tests.Invalid Login.Empty Username",FAIL
68,"20221116 19:28:44.296",0,"Testcases.Example-Tests.Invalid Login.Empty Password",FAIL
69,"20221116 19:28:44.297",0,"Testcases.Example-Tests.Invalid Login.Empty Username And Password",FAIL
70,"20221116 19:28:44.316",0,"Testcases.Example-Tests.Valid Login.Valid Login",FAIL
71,"20221116 19:28:55.290",599,"Testcases.Example-Tests.Invalid Login.Invalid Username",PASS
72,"20221116 19:28:55.891",385,"Testcases.Example-Tests.Invalid Login.Invalid Password",PASS
73,"20221116 19:28:56.281",369,"Testcases.Example-Tests.Invalid Login.Invalid Username And Password",PASS
74,"20221116 19:28:56.652",319,"Testcases.Example-Tests.Invalid Login.Empty Username",PASS
75,"20221116 19:28:56.972",316,"Testcases.Example-Tests.Invalid Login.Empty Password",PASS
76,"20221116 19:28:57.289",305,"Testcases.Example-Tests.Invalid Login.Empty Username And Password",PASS
77,"20221116 19:28:57.775",2575,"Testcases.Example-Tests.Valid Login.Valid Login",PASS
